City_ID,City,Cloudiness,Country,Date,Humidity,Lat,Lng,Max Temp,Wind Speed
0,Lalmohan,74,BD,2020-01-28 23:18:02,56,22.34,90.74,71.31,3.09
1,Pochutla,20,MX,2020-01-28 23:18:03,74,15.74,-96.47,78.8,11.39
2,Mataura,96,NZ,2020-01-28 23:18:03,89,-46.19,168.86,55.0,11.99
3,Thompson,90,CA,2020-01-28 23:15:49,85,55.74,-97.86,10.4,5.82
4,Severo-Kuril'sk,100,RU,2020-01-28 23:18:03,85,50.68,156.12,25.9,3.33
5,Bintulu,75,MY,2020-01-28 23:18:03,79,3.17,113.03,86.0,9.17
6,Rikitea,100,PF,2020-01-28 23:18:03,78,-23.12,-134.97,79.79,6.22
7,Tuktoyaktuk,90,CA,2020-01-28 23:18:03,68,69.45,-133.04,-16.6,6.93
8,Hilo,20,US,2020-01-28 23:18:03,57,19.73,-155.09,78.8,5.82
9,Port Alfred,60,ZA,2020-01-28 23:18:03,83,-33.59,26.89,68.0,4.0
10,Storforshei,100,NO,2020-01-28 23:18:04,82,66.4,14.52,19.99,6.33
11,Mount Gambier,0,AU,2020-01-28 23:18:04,17,-37.83,140.77,89.6,9.17
12,Atuona,32,PF,2020-01-28 23:15:06,79,-9.8,-139.03,80.91,13.62
13,Talara,0,PE,2020-01-28 23:18:04,87,-4.58,-81.27,74.3,9.8
14,Tasiilaq,100,GL,2020-01-28 23:18:04,86,65.61,-37.64,30.2,31.09
15,Kharakvasla,5,IN,2020-01-28 23:18:04,82,18.43,73.77,62.85,3.06
16,Ulaangom,71,MN,2020-01-28 23:18:04,97,49.98,92.07,-5.98,4.52
17,Baruun-Urt,90,MN,2020-01-28 23:18:04,88,46.68,113.28,2.77,1.88
18,Avarua,84,CK,2020-01-28 23:18:04,88,-21.21,-159.78,78.8,9.17
19,Bluff,100,NZ,2020-01-28 23:16:23,89,-46.6,168.33,55.0,11.99
20,Ushuaia,75,AR,2020-01-28 23:16:24,81,-54.8,-68.3,42.8,28.86
21,Inirida,0,CO,2020-01-28 23:18:05,72,3.87,-67.92,78.03,1.77
22,Busselton,32,AU,2020-01-28 23:18:05,29,-33.65,115.33,82.99,7.54
23,Katsuura,20,JP,2020-01-28 23:18:05,63,35.13,140.3,64.4,13.87
24,Kaitangata,100,NZ,2020-01-28 23:09:54,73,-46.28,169.85,61.0,21.0
25,Lorengau,76,PG,2020-01-28 23:10:31,79,-2.02,147.27,84.0,14.38
26,Puerto Carreno,6,CO,2020-01-28 23:18:05,62,6.19,-67.49,86.0,5.82
27,Castro,33,BR,2020-01-28 23:08:11,99,-24.79,-50.01,63.79,5.88
28,Skjervoy,96,NO,2020-01-28 23:18:05,75,70.03,20.97,17.47,28.16
29,Olafsvik,0,IS,2020-01-28 23:07:43,76,64.89,-23.71,30.63,14.2
30,Nantucket,90,US,2020-01-28 23:16:23,51,41.28,-70.1,37.4,13.87
31,Hachinohe,90,JP,2020-01-28 23:18:06,93,40.5,141.5,46.99,18.34
32,Luderitz,0,NA,2020-01-28 23:18:06,78,-26.65,15.16,65.01,27.81
33,Kieta,13,PG,2020-01-28 23:09:11,69,-6.22,155.63,85.32,3.02
34,Cascais,75,PT,2020-01-28 23:18:06,100,38.7,-9.42,59.0,9.17
35,Xucheng,90,CN,2020-01-28 23:18:06,63,20.35,110.13,62.6,13.42
36,East London,0,ZA,2020-01-28 23:18:06,55,-33.02,27.91,64.4,8.05
37,Mago,2,RU,2020-01-28 23:18:06,86,53.25,140.18,5.38,3.06
38,Saint-Philippe,10,RE,2020-01-28 23:18:06,54,-21.36,55.77,80.6,3.36
39,Krasnoarmeysk,100,RU,2020-01-28 23:18:06,98,51.02,45.7,27.0,11.01
40,Waipawa,20,NZ,2020-01-28 23:18:07,60,-41.41,175.52,75.2,14.99
41,Curup,100,ID,2020-01-28 23:18:07,97,-3.47,102.53,67.03,3.09
42,Hermanus,89,ZA,2020-01-28 23:18:07,95,-34.42,19.23,64.0,5.01
43,Kruisfontein,89,ZA,2020-01-28 23:18:07,78,-34.0,24.73,65.41,8.19
44,New Norfolk,40,AU,2020-01-28 23:18:07,34,-42.78,147.06,80.6,11.41
45,Sechura,89,PE,2020-01-28 23:18:07,80,-5.56,-80.82,74.48,11.27
46,Arraial do Cabo,32,BR,2020-01-28 23:18:07,90,-22.97,-42.03,77.77,5.01
47,Kodiak,90,US,2020-01-28 23:16:44,73,57.79,-152.41,24.8,23.04
48,Oloron-Sainte-Marie,75,FR,2020-01-28 23:18:07,93,43.19,-0.61,44.6,4.7
49,Havre-Saint-Pierre,1,CA,2020-01-28 23:18:07,84,50.23,-63.6,-2.2,2.24
50,Talcahuano,0,CL,2020-01-28 23:18:08,62,-36.72,-73.12,59.0,14.99
51,Yellowknife,90,CA,2020-01-28 23:18:08,76,62.46,-114.35,-2.99,5.82
52,Provideniya,2,RU,2020-01-28 23:18:08,58,64.38,-173.3,-5.8,4.61
53,Vaini,75,TO,2020-01-28 23:18:08,94,-21.2,-175.2,78.8,5.82
54,Butaritari,100,KI,2020-01-28 23:15:07,78,3.07,172.79,83.08,10.54
55,Nanortalik,69,GL,2020-01-28 23:18:08,66,60.14,-45.24,24.4,14.88
56,Puerto Ayora,39,EC,2020-01-28 23:15:09,6,-0.74,-90.35,73.99,13.38
57,Srednekolymsk,0,RU,2020-01-28 23:07:40,96,67.45,153.68,-29.76,8.86
58,Cherskiy,100,RU,2020-01-28 23:07:31,96,68.75,161.3,-22.68,5.7
59,Qujing,100,CN,2020-01-28 23:18:08,95,25.48,103.78,35.44,5.41
60,Ponta do Sol,20,PT,2020-01-28 23:18:09,72,32.67,-17.1,59.0,5.82
61,Punta Arenas,40,CL,2020-01-28 23:18:09,81,-53.15,-70.92,44.6,23.04
62,Clyde River,1,CA,2020-01-28 23:18:09,74,70.47,-68.59,-27.4,4.7
63,Cidreira,57,BR,2020-01-28 23:18:09,83,-30.18,-50.21,74.75,19.71
64,Port Elizabeth,40,ZA,2020-01-28 23:15:04,82,-33.92,25.57,66.2,13.87
65,Takoradze,59,GH,2020-01-28 23:18:09,90,4.88,-1.76,76.03,1.66
66,Bredasdorp,100,ZA,2020-01-28 23:18:09,88,-34.53,20.04,66.2,4.81
67,Muros,75,ES,2020-01-28 23:18:09,100,42.78,-9.06,60.01,11.41
68,Bethel,90,US,2020-01-28 23:18:09,76,41.37,-73.41,37.0,4.7
69,Matara,53,LK,2020-01-28 23:18:10,74,5.95,80.54,75.18,7.49
70,Mana,40,GF,2020-01-28 23:18:10,91,5.66,-53.78,75.76,3.02
71,Nyuksenitsa,96,RU,2020-01-28 23:18:10,92,60.41,44.24,4.19,6.46
72,Carnarvon,40,AU,2020-01-28 23:18:10,74,-24.87,113.63,80.6,19.46
73,Albany,90,US,2020-01-28 23:17:55,76,42.6,-73.97,32.0,10.29
74,Cantagallo,100,CO,2020-01-28 23:18:10,81,7.38,-73.92,75.69,2.75
75,Barrow,1,US,2020-01-28 23:15:02,67,71.29,-156.79,-27.4,5.82
76,Bambous Virieux,40,MU,2020-01-28 23:18:10,78,-20.34,57.76,78.01,1.97
77,Lebu,0,CL,2020-01-28 23:18:10,66,-37.62,-73.65,53.08,10.63
78,Beira,0,MZ,2020-01-28 23:09:05,78,-19.84,34.84,81.07,14.5
79,Sabha,0,LY,2020-01-28 23:18:11,43,27.04,14.43,56.41,10.6
80,Wellin,48,BE,2020-01-28 23:18:11,93,50.08,5.11,37.4,11.41
81,Lata,75,PT,2020-01-28 23:18:11,93,40.16,-8.33,57.99,4.7
82,Hong Kong,0,HK,2020-01-28 23:13:44,40,22.29,114.16,59.0,8.05
83,Jamestown,90,US,2020-01-28 23:18:11,85,42.1,-79.24,30.99,6.93
84,George Town,20,MY,2020-01-28 23:13:45,59,5.41,100.34,89.6,10.29
85,Shenzhen,0,CN,2020-01-28 23:15:23,40,22.55,114.07,59.0,8.05
86,Chui,0,UY,2020-01-28 23:18:11,85,-33.7,-53.46,68.63,13.29
87,Terra Rica,25,BR,2020-01-28 23:18:11,77,-22.71,-52.62,74.26,2.73
88,Kumul,0,CN,2020-01-28 23:09:01,78,42.8,93.45,10.53,3.04
89,Taltal,0,CL,2020-01-28 23:07:48,90,-25.4,-70.48,62.87,2.46
90,Cape Town,75,ZA,2020-01-28 23:16:35,100,-33.93,18.42,68.0,10.29
91,Safaga,0,EG,2020-01-28 23:18:12,65,26.73,33.94,47.84,2.86
92,Dikson,100,RU,2020-01-28 23:18:12,95,73.51,80.55,-18.06,14.38
93,Mar del Plata,100,AR,2020-01-28 23:17:49,60,-38.0,-57.56,73.4,6.93
94,Methoni,75,GR,2020-01-28 23:18:12,100,36.82,21.7,53.01,5.82
95,Chanika,43,TZ,2020-01-28 23:18:12,95,-5.42,38.02,67.73,2.33
96,Oistins,75,BB,2020-01-28 23:18:12,78,13.07,-59.53,78.8,17.22
97,San Cristobal,40,VE,2020-01-28 23:18:13,83,7.77,-72.22,77.0,2.24
98,Zhigansk,100,RU,2020-01-28 23:18:13,95,66.77,123.37,-16.74,25.79
99,Kapaa,1,US,2020-01-28 23:15:42,61,22.08,-159.32,78.8,3.36
100,Batemans Bay,87,AU,2020-01-28 23:18:13,76,-35.72,150.18,82.0,3.0
101,Fort Nelson,75,CA,2020-01-28 23:08:15,84,58.81,-122.7,-0.4,2.73
102,Chokurdakh,100,RU,2020-01-28 23:18:13,97,70.63,147.92,-19.61,10.6
103,Hobart,40,AU,2020-01-28 23:16:23,34,-42.88,147.33,80.6,11.41
104,Pisco,90,PE,2020-01-28 23:08:54,73,-13.7,-76.22,77.0,4.7
105,Wiang Sa,20,TH,2020-01-28 23:18:13,70,8.64,99.37,89.01,3.36
106,Hohhot,20,CN,2020-01-28 23:18:13,92,40.81,111.65,8.6,4.47
107,Namatanai,0,PG,2020-01-28 23:08:16,72,-3.67,152.43,86.27,15.82
108,Sawang Daen Din,0,TH,2020-01-28 23:18:14,58,17.48,103.46,72.0,7.14
109,Alice Springs,75,AU,2020-01-28 23:04:46,38,-23.7,133.88,89.6,19.46
110,Terme,75,TR,2020-01-28 23:18:14,87,41.21,36.97,46.4,8.05
111,Nemyriv,52,UA,2020-01-28 23:18:14,92,48.97,28.84,28.99,11.83
112,Makubetsu,75,JP,2020-01-28 23:18:14,80,45.37,141.82,30.2,17.22
113,Qaanaaq,100,GL,2020-01-28 23:18:14,92,77.48,-69.36,-13.77,5.79
114,Mil'kovo,1,RU,2020-01-28 23:08:36,84,54.72,158.62,21.13,0.96
115,Teahupoo,75,PF,2020-01-28 23:18:14,78,-17.83,-149.27,82.4,14.99
116,Garoowe,95,SO,2020-01-28 23:18:14,68,8.41,48.48,63.16,9.01
117,Areka,93,ET,2020-01-28 23:18:15,83,7.07,37.7,66.67,1.23
118,Kisesa,100,TZ,2020-01-28 23:18:15,97,-3.08,34.15,63.1,2.19
119,Leshukonskoye,0,RU,2020-01-28 23:18:15,92,64.9,45.76,-8.79,4.18
120,Nogliki,68,RU,2020-01-28 23:18:15,81,51.83,143.17,8.08,5.48
121,Tsiroanomandidy,52,MG,2020-01-28 23:18:15,98,-18.77,46.03,68.16,0.56
122,Hay River,90,CA,2020-01-28 23:15:22,84,60.82,-115.8,-0.4,4.7
123,Caravelas,100,BR,2020-01-28 23:18:15,85,-17.71,-39.25,79.66,11.48
124,Fortuna,90,US,2020-01-28 23:18:15,87,40.6,-124.16,50.0,1.39
125,Leningradskiy,100,RU,2020-01-28 23:05:36,95,69.38,178.42,-7.01,3.51
126,Kholmogory,91,RU,2020-01-28 23:09:09,75,64.22,41.66,-14.8,4.47
127,Upernavik,74,GL,2020-01-28 23:18:16,94,72.79,-56.15,-14.35,7.23
128,Hithadhoo,76,MV,2020-01-28 23:18:16,78,-0.6,73.08,81.12,15.68
129,Husavik,90,IS,2020-01-28 23:18:16,92,66.04,-17.34,23.0,5.82
130,Mahebourg,40,MU,2020-01-28 23:18:16,78,-20.41,57.7,78.01,1.9
131,Lovozero,1,RU,2020-01-28 23:18:16,94,68.0,35.01,-2.96,4.59
132,Fare,62,PF,2020-01-28 23:08:52,73,-16.7,-151.02,83.01,6.49
133,Bima,100,ID,2020-01-28 23:18:16,64,-8.47,118.72,88.16,3.09
134,Tres Arroyos,100,AR,2020-01-28 23:18:16,85,-38.37,-60.28,63.88,15.12
135,Haines Junction,55,CA,2020-01-28 23:18:16,94,60.75,-137.51,7.07,4.88
136,Lebedinyy,0,RU,2020-01-28 23:18:16,66,58.52,125.52,8.64,7.43
137,Lubao,75,PH,2020-01-28 23:18:16,58,14.92,120.55,86.0,9.17
138,Bestobe,0,KZ,2020-01-28 23:18:17,91,52.5,73.1,-11.56,11.97
139,Dingle,21,PH,2020-01-28 23:18:17,68,11.0,122.67,84.04,7.18
140,Kiama,20,AU,2020-01-28 23:08:47,45,-34.68,150.87,84.99,11.41
141,Minsk,90,BY,2020-01-28 23:17:41,100,53.9,27.57,33.8,6.71
142,Kamaishi,75,JP,2020-01-28 23:18:17,93,39.27,141.88,39.2,12.75
143,Jipijapa,40,EC,2020-01-28 23:18:17,83,-1.33,-80.58,78.8,3.36
144,Nikolayevsk-on-Amure,0,RU,2020-01-28 23:18:17,82,53.14,140.73,8.51,4.14
145,Rawson,0,AR,2020-01-28 23:18:17,59,-43.3,-65.1,59.77,17.94
146,Pointe Michel,0,DM,2020-01-28 23:18:17,79,15.25,-61.38,78.49,12.59
147,Pasco,1,US,2020-01-28 23:18:17,66,28.29,-82.42,59.0,5.82
148,Sundsvall,90,SE,2020-01-28 23:18:18,98,62.39,17.31,32.0,12.75
149,Auki,100,SB,2020-01-28 23:18:18,71,-8.77,160.7,85.28,4.74
150,Longyearbyen,75,SJ,2020-01-28 23:18:18,71,78.22,15.64,6.8,14.99
151,Souillac,40,MU,2020-01-28 23:18:18,78,-20.52,57.52,78.01,1.9
152,Pimentel,100,PE,2020-01-28 23:18:18,29,-6.84,-79.93,66.2,14.99
153,Aljezur,100,PT,2020-01-28 23:18:18,85,37.32,-8.8,58.77,7.31
154,Sisimiut,100,GL,2020-01-28 23:18:18,98,66.94,-53.67,-6.16,3.4
155,Mahina,75,PF,2020-01-28 23:18:18,78,-17.51,-149.49,82.4,14.99
156,Ozinki,100,RU,2020-01-28 23:18:18,91,51.18,49.68,11.95,13.06
157,Tara,100,RU,2020-01-28 23:18:18,95,56.89,74.37,-5.85,8.16
158,Buala,100,SB,2020-01-28 23:18:19,69,-8.14,159.59,86.74,7.54
159,Mokhsogollokh,51,RU,2020-01-28 23:18:19,99,61.47,128.92,-19.66,2.66
160,Alofi,75,NU,2020-01-28 23:18:19,74,-19.06,-169.92,86.0,5.82
161,Buta,64,CD,2020-01-28 23:18:19,42,2.79,24.73,64.94,2.35
162,Atar,0,MR,2020-01-28 23:18:19,23,20.52,-13.05,71.1,14.14
163,Lincoln,90,US,2020-01-28 23:13:51,92,40.8,-96.67,28.99,5.82
164,Bac Lieu,97,VN,2020-01-28 23:18:19,57,9.29,105.72,83.66,9.15
165,Ulagan,100,RU,2020-01-28 23:18:19,90,50.63,87.96,2.57,6.2
166,Kalmunai,65,LK,2020-01-28 23:18:20,72,7.42,81.82,79.61,11.61
167,Kambove,100,CD,2020-01-28 23:18:20,96,-10.88,26.6,59.34,2.8
168,Paamiut,83,GL,2020-01-28 23:18:20,56,61.99,-49.67,14.74,13.04
169,Pacifica,90,US,2020-01-28 23:18:20,87,37.61,-122.49,54.0,8.05
170,Uncia,1,BO,2020-01-28 23:18:20,58,-18.47,-66.57,48.33,6.35
171,Kununurra,0,AU,2020-01-28 23:18:20,39,-15.77,128.73,100.4,8.05
172,Belmonte,75,BR,2020-01-28 23:18:20,88,-15.86,-38.88,78.8,2.24
173,Asau,75,RO,2020-01-28 23:18:20,100,46.43,26.4,39.0,9.17
174,Muhafazat Lahij,54,YE,2020-01-28 23:18:20,74,13.17,44.58,67.77,14.25
175,Finschhafen,57,PG,2020-01-28 23:18:20,76,-6.6,147.87,84.0,7.61
176,Nikolskoye,75,RU,2020-01-28 23:18:20,92,59.7,30.79,30.2,11.18
177,Necochea,100,AR,2020-01-28 23:18:21,99,-38.55,-58.74,64.0,1.99
178,Wasilla,40,US,2020-01-28 23:18:21,91,61.58,-149.44,12.0,3.36
179,Guadalajara,5,MX,2020-01-28 23:15:12,30,20.67,-103.33,62.01,4.7
180,Fonte Boa,82,BR,2020-01-28 23:18:21,91,-2.5,-66.27,72.48,2.64
181,Tarogong,69,ID,2020-01-28 23:18:21,65,-7.19,107.89,81.86,3.53
182,Saint George,1,US,2020-01-28 23:15:26,48,37.1,-113.58,44.6,1.39
183,Vyritsa,75,RU,2020-01-28 23:18:21,92,59.41,30.35,30.2,11.18
184,Torbay,90,CA,2020-01-28 23:18:21,100,47.67,-52.73,30.0,5.82
185,Gezing,75,AT,2020-01-28 23:18:21,80,47.92,13.13,36.0,9.17
186,Pindiga,20,NG,2020-01-28 23:18:21,15,9.98,10.93,63.86,8.16
187,Comodoro Rivadavia,20,AR,2020-01-28 23:08:49,49,-45.87,-67.5,62.6,13.87
188,Saldanha,92,ZA,2020-01-28 23:05:40,88,-33.01,17.94,64.4,9.17
189,Vardo,40,NO,2020-01-28 23:18:22,84,70.37,31.11,5.0,3.36
190,Saint-Pierre,18,RE,2020-01-28 23:18:22,54,-21.34,55.48,80.6,3.36
191,Magadan,75,RU,2020-01-28 23:18:22,92,59.57,150.8,7.54,2.17
192,Qasigiannguit,100,GL,2020-01-28 23:18:22,59,68.82,-51.19,1.4,9.17
193,Basco,71,PH,2020-01-28 23:18:22,85,20.45,121.97,71.26,20.27
194,Mgandu,100,TZ,2020-01-28 23:18:22,98,-5.95,34.13,60.6,4.99
195,Hundested,99,DK,2020-01-28 23:18:22,86,55.97,11.87,39.2,9.17
196,Chiredzi,0,ZW,2020-01-28 23:18:23,78,-21.05,31.67,67.17,2.57
197,Kavaratti,20,IN,2020-01-28 23:18:23,69,10.57,72.64,82.4,9.89
198,Biak,46,ID,2020-01-28 23:18:23,81,-0.91,122.88,82.69,10.31
199,Sur,0,OM,2020-01-28 23:18:23,52,22.57,59.53,62.26,8.16
200,Ciudad Bolivar,23,VE,2020-01-28 23:18:23,68,8.12,-63.55,80.44,12.59
201,Brookhaven,20,US,2020-01-28 23:14:44,87,31.58,-90.44,54.0,5.82
202,Vaitape,81,PF,2020-01-28 23:18:23,70,-16.52,-151.75,83.43,5.01
203,Cap Malheureux,40,MU,2020-01-28 23:18:23,78,-19.98,57.61,78.01,5.91
204,Walvis Bay,90,NA,2020-01-28 23:07:29,88,-22.96,14.51,64.0,6.93
205,Saskylakh,100,RU,2020-01-28 23:18:24,98,71.92,114.08,-10.16,7.76
206,Port Blair,100,IN,2020-01-28 23:18:24,64,11.67,92.75,78.01,10.78
207,Arrondissement de Mont-de-Marsan,20,FR,2020-01-28 23:18:24,87,44.0,-0.67,50.0,2.24
208,Huarmey,100,PE,2020-01-28 23:18:24,75,-10.07,-78.15,71.96,3.02
209,Goderich,93,CA,2020-01-28 23:18:24,79,43.75,-81.72,32.0,5.44
210,Sao Domingos,100,BR,2020-01-28 23:18:24,90,-13.4,-46.32,71.15,1.66
211,Airai,55,TL,2020-01-28 23:18:24,49,-8.93,125.41,86.11,3.89
212,North Bend,90,US,2020-01-28 23:08:27,87,43.41,-124.22,51.8,6.93
213,Hasaki,20,JP,2020-01-28 23:18:24,72,35.73,140.83,63.0,10.29
214,Tiksi,99,RU,2020-01-28 23:18:25,87,71.69,128.87,-15.88,6.51
215,Boyolangu,89,ID,2020-01-28 23:18:25,68,-8.12,111.89,86.22,2.89
216,Saint Pete Beach,20,US,2020-01-28 23:18:25,71,27.73,-82.74,59.0,10.29
217,Ahipara,100,NZ,2020-01-28 23:18:25,88,-35.17,173.17,69.22,11.52
218,Belem de Sao Francisco,0,BR,2020-01-28 23:18:25,87,-8.75,-38.97,74.75,11.07
219,Santa Maria,99,BR,2020-01-28 23:16:13,88,-29.68,-53.81,73.4,5.82
220,Touros,40,BR,2020-01-28 23:18:25,88,-5.2,-35.46,78.8,2.24
221,Pinawa,100,CA,2020-01-28 23:18:25,96,50.15,-95.88,9.79,4.88
222,Ondjiva,40,AO,2020-01-28 23:18:25,76,-17.07,15.73,70.3,1.5
223,Pevek,100,RU,2020-01-28 23:18:25,98,69.7,170.31,-11.33,12.73
224,Bogale,0,MM,2020-01-28 23:18:26,47,16.28,95.4,72.81,6.96
225,Petropavlovsk-Kamchatsky,17,RU,2020-01-28 23:18:26,63,53.05,158.65,28.4,6.71
226,Benavente,20,ES,2020-01-28 23:18:26,100,42.0,-5.68,42.8,3.36
227,Broome,90,US,2020-01-28 23:18:26,86,42.25,-75.83,30.99,8.05
228,Jamkhed,0,IN,2020-01-28 23:18:26,70,18.74,75.31,66.78,8.37
229,San Miguel de Tucuman,40,AR,2020-01-28 23:18:26,88,-26.82,-65.22,75.2,4.7
230,Laas,90,IT,2020-01-28 23:18:26,100,46.62,10.7,30.99,6.69
231,Mount Isa,90,AU,2020-01-28 23:18:26,100,-20.73,139.5,77.0,12.75
232,Neryungri,0,RU,2020-01-28 23:18:27,77,56.67,124.65,3.81,3.42
233,High Level,5,CA,2020-01-28 23:17:30,91,58.52,-117.14,1.4,2.24
234,Turan,75,VN,2020-01-28 23:18:27,78,16.07,108.22,71.6,6.93
235,Wattegama,75,LK,2020-01-28 23:18:27,94,6.8,81.48,78.8,3.36
236,Lakes Entrance,2,AU,2020-01-28 23:18:27,67,-37.88,147.98,87.01,5.01
237,Grand Gaube,40,MU,2020-01-28 23:18:27,78,-20.01,57.66,78.01,5.91
238,Avanuorri,75,NO,2020-01-28 23:18:27,78,71.0,24.66,14.0,35.57
239,Novosil,81,RU,2020-01-28 23:18:27,93,52.97,37.04,24.12,7.29
240,Dunedin,100,NZ,2020-01-28 23:16:16,70,-45.87,170.5,68.0,1.99
241,Port Augusta,0,AU,2020-01-28 23:08:30,20,-32.5,137.77,102.99,9.17
242,Honiara,20,SB,2020-01-28 23:18:28,70,-9.43,159.95,89.6,6.93
243,Manbij,75,SY,2020-01-28 23:18:28,87,36.53,37.95,42.8,6.93
244,Lachi,100,PK,2020-01-28 23:18:28,69,33.38,71.34,48.92,3.76
245,Aklavik,90,CA,2020-01-28 23:18:28,74,68.22,-135.01,-23.8,1.14
246,Palmer,90,US,2020-01-28 23:18:28,55,42.16,-72.33,35.6,8.05
247,Santa Cruz Cabralia,75,BR,2020-01-28 23:18:28,88,-16.28,-39.02,78.8,2.24
248,Sola,90,VU,2020-01-28 23:18:28,88,-13.88,167.55,80.6,13.71
249,Vostok,4,RU,2020-01-28 23:18:29,84,46.49,135.88,21.27,3.8
250,Dorado,54,PR,2020-01-28 23:18:29,91,18.46,-66.27,73.99,5.23
251,At-Bashi,0,KG,2020-01-28 23:18:29,27,41.17,75.81,-5.96,4.74
252,Ribeira Grande,78,PT,2020-01-28 23:18:29,94,38.52,-28.7,60.12,19.71
253,Bow Island,5,CA,2020-01-28 23:18:29,92,49.87,-111.37,30.2,2.24
254,Sao Joao da Barra,100,BR,2020-01-28 23:18:29,92,-21.64,-41.05,75.63,11.72
255,Westport,75,US,2020-01-28 23:14:03,59,41.14,-73.36,37.99,8.05
256,Bonnyville,90,CA,2020-01-28 23:18:30,92,54.27,-110.73,17.6,2.24
257,Qaqortoq,0,GL,2020-01-28 23:18:30,72,60.72,-46.03,12.2,3.58
258,Ugoofaaru,0,MV,2020-01-28 23:18:30,68,5.67,73.0,81.41,10.98
259,San Quintin,0,MX,2020-01-28 23:07:23,77,30.48,-115.95,59.86,10.54
260,Kawalu,76,ID,2020-01-28 23:18:30,62,-7.38,108.21,84.79,3.13
261,Kilemary,100,RU,2020-01-28 23:18:30,94,56.78,46.87,10.42,11.41
262,Kralendijk,0,BQ,2020-01-28 23:15:04,83,12.15,-68.27,78.8,6.93
263,Kasangulu,75,CD,2020-01-28 23:18:30,94,-4.59,15.17,75.2,6.93
264,Churapcha,0,RU,2020-01-28 23:18:30,95,62.0,132.43,-23.96,4.99
265,Shaunavon,79,CA,2020-01-28 23:18:31,78,49.65,-108.42,21.13,6.15
266,Beringovskiy,96,RU,2020-01-28 23:08:41,95,63.05,179.32,0.23,3.24
267,Zamora,27,EC,2020-01-28 23:18:31,96,-4.07,-78.96,55.96,4.41
268,Fallon,20,US,2020-01-28 23:18:31,41,39.47,-118.78,42.8,5.82
269,Lashio,0,MM,2020-01-28 23:18:31,43,22.93,97.75,64.67,0.81
270,Lajas,98,PR,2020-01-28 23:18:31,92,18.05,-67.06,75.99,2.21
271,Samarai,23,PG,2020-01-28 23:18:31,57,-10.62,150.67,89.78,7.02
272,OErnskoeldsvik,100,SE,2020-01-28 23:18:31,100,63.29,18.72,30.2,11.41
273,Mehamn,42,NO,2020-01-28 23:09:04,75,71.04,27.85,16.7,19.71
274,Naze,75,JP,2020-01-28 23:18:32,55,28.37,129.48,64.4,12.75
275,Kabanjahe,75,ID,2020-01-28 23:18:32,94,3.1,98.49,77.0,3.36
276,Nyurba,100,RU,2020-01-28 23:18:32,89,63.28,118.33,4.96,5.86
277,Karpogory,97,RU,2020-01-28 23:18:32,90,64.0,44.45,0.57,5.77
278,Okhotsk,0,RU,2020-01-28 23:09:14,70,59.38,143.3,-5.03,13.33
279,Port Hedland,83,AU,2020-01-28 23:18:32,59,-20.32,118.57,95.0,16.11
280,Bariloche,20,AR,2020-01-28 23:18:02,49,-41.15,-71.31,46.4,9.17
281,San Buenaventura,0,MX,2020-01-28 23:18:32,23,27.08,-101.53,61.75,9.28
282,Buraidah,100,SA,2020-01-28 23:15:01,36,26.33,43.98,48.2,6.93
283,Dongsheng,64,CN,2020-01-28 23:18:33,74,39.82,109.98,22.21,9.31
284,Tortoli,20,IT,2020-01-28 23:18:33,58,39.93,9.66,55.4,12.75
285,Sitka,90,US,2020-01-28 23:18:33,80,57.05,-135.33,39.2,17.22
286,Hun,0,LY,2020-01-28 23:18:33,52,29.13,15.95,53.35,6.42
287,Tsimmerbude,75,RU,2020-01-28 23:18:33,86,54.67,20.13,39.2,13.42
288,Maniitsoq,98,GL,2020-01-28 23:18:33,62,65.42,-52.9,7.65,6.15
289,Maragogi,44,BR,2020-01-28 23:18:33,72,-9.01,-35.22,80.98,11.61
290,Hualmay,100,PE,2020-01-28 23:18:33,80,-11.1,-77.61,71.01,3.65
291,Karratha,87,AU,2020-01-28 23:18:34,75,-20.74,116.85,85.69,10.18
292,Bengkulu,100,ID,2020-01-28 23:18:34,94,-3.8,102.27,72.45,13.62
293,Kilcormac,5,IE,2020-01-28 23:18:34,90,53.17,-7.73,39.0,7.0
294,Constitucion,10,CL,2020-01-28 23:18:34,81,-35.33,-72.42,53.24,7.31
295,Xilitla,51,MX,2020-01-28 23:18:34,93,21.33,-98.97,64.45,2.51
296,Ouagadougou,100,BF,2020-01-28 23:17:32,19,12.36,-1.54,71.6,4.7
297,Villa Carlos Paz,0,AR,2020-01-28 23:18:34,82,-31.42,-64.5,77.0,6.93
298,Celestun,0,MX,2020-01-28 23:18:34,85,20.87,-90.4,75.4,14.18
299,Teguise,73,ES,2020-01-28 23:18:34,59,29.06,-13.56,62.6,8.05
300,Arari,100,BR,2020-01-28 23:18:34,98,-3.45,-44.78,74.95,2.89
301,Waspan,0,NI,2020-01-28 23:18:35,95,14.74,-83.97,69.69,4.25
302,Tezu,0,IN,2020-01-28 23:18:35,39,27.92,96.17,61.2,2.93
303,Ancud,0,CL,2020-01-28 23:18:35,75,-41.87,-73.82,46.4,5.82
304,Ixtapa,40,MX,2020-01-28 23:13:51,73,20.7,-105.2,73.4,1.16
305,Caconda,100,AO,2020-01-28 23:18:35,93,-13.73,15.07,60.48,0.94
306,Nizhniy Kuranakh,0,RU,2020-01-28 23:18:35,83,58.84,125.49,3.69,1.79
307,Harper,61,LR,2020-01-28 23:18:35,91,4.38,-7.72,76.32,1.25
308,Mungwi,100,ZM,2020-01-28 23:18:35,98,-10.17,31.37,62.92,4.34
309,Faanui,81,PF,2020-01-28 23:18:35,70,-16.48,-151.75,83.43,5.01
310,Darhan,0,MN,2020-01-28 23:18:36,84,49.49,105.92,4.71,8.23
311,Avera,1,US,2020-01-28 23:18:36,93,33.19,-82.53,46.0,2.62
312,Vizinga,100,RU,2020-01-28 23:18:36,95,61.07,50.1,-7.51,5.01
313,Omaruru,0,NA,2020-01-28 23:14:50,33,-21.43,15.93,70.75,6.17
314,Vestmannaeyjar,0,IS,2020-01-28 23:18:36,66,63.44,-20.27,34.66,7.29
315,Sekoma,0,BW,2020-01-28 23:18:36,54,-24.4,23.88,69.69,11.88
316,Luwuk,46,ID,2020-01-28 23:15:17,81,-0.95,122.79,82.69,10.31
317,San Patricio,0,MX,2020-01-28 23:18:36,63,19.22,-104.7,76.05,4.29
318,Mackay,40,AU,2020-01-28 23:18:36,74,-21.15,149.2,86.0,10.29
319,Buluang,85,PH,2020-01-28 23:18:36,56,13.31,123.34,84.78,2.44
320,Richards Bay,79,ZA,2020-01-28 23:18:37,83,-28.78,32.04,70.88,13.44
321,Port Hardy,75,CA,2020-01-28 23:18:37,87,50.7,-127.42,44.6,24.16
322,Kielce,100,PL,2020-01-28 23:14:24,1,50.87,20.63,36.0,10.83
323,Saint-Louis,3,SN,2020-01-28 23:18:37,31,16.33,-15.0,73.4,2.24
324,Makhinjauri,75,GE,2020-01-28 23:16:06,53,41.67,41.69,50.0,9.17
325,Zemetchino,82,RU,2020-01-28 23:18:37,97,53.5,42.62,26.87,6.91
326,Vila Franca do Campo,40,PT,2020-01-28 23:18:37,82,37.72,-25.43,64.4,26.4
327,Penzance,79,GB,2020-01-28 23:18:38,87,50.12,-5.54,48.0,13.87
328,Launceston,1,AU,2020-01-28 23:18:38,47,-41.45,147.17,80.01,21.92
329,Jieshi,0,CN,2020-01-28 23:18:38,50,22.81,115.83,55.0,3.0
330,Plaster Rock,1,CA,2020-01-28 23:18:38,78,46.91,-67.39,10.99,8.05
331,Tucumcari,1,US,2020-01-28 23:09:15,59,35.17,-103.72,33.8,4.7
332,Yangambi,99,CD,2020-01-28 23:18:38,67,0.81,24.43,69.93,2.3
333,Faya,40,SA,2020-01-28 23:09:10,87,18.39,42.45,53.6,12.75
334,Manono,100,CD,2020-01-28 23:18:38,98,-7.3,27.42,67.46,3.02
335,Cayenne,75,GF,2020-01-28 23:18:38,83,4.93,-52.33,80.6,6.93
336,Olga,100,RU,2020-01-28 23:18:39,89,43.74,135.29,29.59,29.82
337,Litovko,86,RU,2020-01-28 23:18:39,84,49.24,135.17,11.12,3.96
338,Ferrol,75,ES,2020-01-28 23:18:39,93,43.48,-8.24,57.0,2.24
339,Praia,77,CV,2020-01-28 23:15:05,64,14.92,-23.51,71.6,13.87
340,Ilulissat,100,GL,2020-01-28 23:09:01,59,69.22,-51.1,1.4,10.29
341,Nishihara,90,JP,2020-01-28 23:18:39,63,26.18,127.76,62.6,10.29
342,Wielun,5,PL,2020-01-28 23:18:39,84,51.22,18.57,33.01,3.0
343,Plettenberg Bay,100,ZA,2020-01-28 23:18:39,80,-34.05,23.37,67.59,4.61
344,Zhuhai,0,CN,2020-01-28 23:18:39,58,22.28,113.57,61.0,19.46
345,Mossamedes,100,AO,2020-01-28 23:18:39,77,-15.2,12.15,75.15,7.81
346,Putina,100,PE,2020-01-28 23:18:40,58,-15.47,-69.43,51.73,6.44
347,Evensk,100,RU,2020-01-28 23:18:40,94,61.95,159.23,16.11,2.59
348,Grindavik,0,IS,2020-01-28 23:18:40,86,63.84,-22.43,28.4,8.05
349,Watertown,90,US,2020-01-28 23:16:11,55,42.37,-71.18,34.0,8.05
350,Savyntsi,100,UA,2020-01-28 23:18:40,96,49.4,37.06,36.27,10.54
351,Yulara,40,AU,2020-01-28 23:18:40,22,-25.24,130.99,102.2,17.22
352,Tharad,0,IN,2020-01-28 23:18:40,51,24.4,71.63,61.38,1.63
353,Jining,0,CN,2020-01-28 23:18:41,46,35.41,116.58,42.93,7.61
354,Kahului,40,US,2020-01-28 23:18:41,51,20.89,-156.47,80.6,13.87
355,Durango,0,MX,2020-01-28 23:18:41,32,24.83,-104.83,49.96,6.76
356,Teknaf,0,BD,2020-01-28 23:09:13,46,20.86,92.31,69.44,4.03
357,Zemio,0,CF,2020-01-28 23:18:41,25,5.03,25.14,59.18,2.95
358,Pemangkat,100,ID,2020-01-28 23:16:19,72,1.17,108.97,85.33,9.06
359,Matagami,90,CA,2020-01-28 23:18:41,91,49.75,-77.63,3.2,8.05
360,Kovur,6,IN,2020-01-28 23:18:41,72,14.48,79.98,76.98,10.16
361,Whitley Bay,40,GB,2020-01-28 23:18:41,86,55.04,-1.45,39.0,19.46
362,Pangnirtung,7,CA,2020-01-28 23:18:42,88,66.15,-65.71,-28.75,4.25
363,Kivioli,100,EE,2020-01-28 23:18:42,85,59.35,26.97,34.16,15.86
364,Pronsk,94,RU,2020-01-28 23:18:42,99,54.1,39.61,30.99,3.0
365,Bjornevatn,40,NO,2020-01-28 23:18:42,75,69.67,29.98,5.0,12.75
366,Kinsale,20,IE,2020-01-28 23:18:42,80,51.71,-8.53,39.2,11.41
367,Santa Isabel,0,BR,2020-01-28 23:18:42,100,-23.32,-46.22,71.6,5.82
368,Bongandanga,61,CD,2020-01-28 23:18:42,43,1.5,21.05,69.91,1.57
369,Ayan,0,RU,2020-01-28 23:18:42,72,56.45,138.17,2.34,10.22
370,Coquimbo,90,CL,2020-01-28 23:08:44,82,-29.95,-71.34,64.4,4.7
371,Jinxiang,0,CN,2020-01-28 23:18:42,50,22.86,115.7,55.0,3.0
372,Deer Lake,90,CA,2020-01-28 23:18:43,85,49.17,-57.43,23.0,4.7
373,Half Moon Bay,90,US,2020-01-28 23:08:50,87,37.46,-122.43,54.0,4.7
374,Okha,0,RU,2020-01-28 23:18:43,86,53.57,142.95,7.47,9.48
375,Campbell River,90,CA,2020-01-28 23:18:43,93,50.02,-125.24,44.6,9.17
376,Amzacea,36,RO,2020-01-28 23:18:43,100,43.95,28.4,42.01,10.29
377,Scottsboro,99,US,2020-01-28 23:18:43,93,34.67,-86.03,48.2,3.8
378,Bonavista,100,CA,2020-01-28 23:18:43,88,48.65,-53.11,28.99,3.0
379,Midland,1,US,2020-01-28 23:18:43,51,32.0,-102.08,39.99,5.82
380,Bar Harbor,1,US,2020-01-28 23:18:43,79,44.39,-68.2,25.0,8.05
381,Newport,30,GB,2020-01-28 23:18:43,80,51.59,-3.0,44.01,20.8
382,Dabat,26,ET,2020-01-28 23:18:44,42,12.98,37.77,48.81,0.67
383,Bekobod,0,UZ,2020-01-28 23:18:44,53,40.22,69.27,32.0,6.71
384,Kendari,100,ID,2020-01-28 23:18:44,71,-3.94,122.5,87.31,3.49
385,Pijijiapan,0,MX,2020-01-28 23:18:44,82,15.7,-93.23,70.12,3.33
386,Wanning,33,CN,2020-01-28 23:18:44,68,18.8,110.4,65.08,9.73
387,Puerto Narino,75,CO,2020-01-28 23:18:44,100,-3.77,-70.38,77.0,3.36
388,Lucea,20,JM,2020-01-28 23:18:44,73,18.45,-78.17,77.0,3.36
389,Dhidhdhoo,0,MV,2020-01-28 23:18:44,64,6.88,73.1,81.77,9.73
390,Kanali,20,GR,2020-01-28 23:18:44,87,39.61,19.89,54.0,12.33
391,Port Shepstone,67,ZA,2020-01-28 23:18:44,76,-30.74,30.45,61.16,4.88
392,Nioro,30,GM,2020-01-28 23:18:45,32,13.35,-15.75,69.78,4.76
393,Kavieng,25,PG,2020-01-28 23:18:45,75,-2.57,150.8,84.22,6.96
394,Gari,0,RU,2020-01-28 23:18:45,84,59.43,62.35,-14.26,6.29
395,Metu,4,ET,2020-01-28 23:18:45,60,8.3,35.58,55.6,3.87
396,Severomuysk,71,RU,2020-01-28 23:18:45,86,56.15,113.43,2.07,3.31
397,Rundu,23,NA,2020-01-28 23:18:45,87,-17.93,19.77,66.09,5.17
398,Waddan,0,LY,2020-01-28 23:18:45,52,29.16,16.14,53.35,6.42
399,Santo Antonio do Ica,91,BR,2020-01-28 23:18:45,97,-3.1,-67.94,72.63,2.39
400,Bubaque,42,GW,2020-01-28 23:18:45,75,11.28,-15.83,76.98,9.51
401,Salalah,0,OM,2020-01-28 23:18:45,20,17.02,54.09,66.2,14.99
402,Norrtaelje,90,SE,2020-01-28 23:18:46,100,59.76,18.7,37.4,9.17
403,Lavrentiya,0,RU,2020-01-28 23:18:46,67,65.58,-171.0,-12.53,8.75
404,Mitsamiouli,100,KM,2020-01-28 23:18:46,76,-11.38,43.28,82.62,9.35
405,Wieliczka,75,PL,2020-01-28 23:18:46,74,49.99,20.06,37.99,13.87
406,Plouzane,20,FR,2020-01-28 23:18:46,93,48.38,-4.62,48.2,6.93
407,Margate,33,GB,2020-01-28 23:09:02,86,51.38,1.39,39.0,10.29
408,Khatanga,98,RU,2020-01-28 23:18:46,97,71.97,102.5,-12.26,0.56
409,Inhambane,0,MZ,2020-01-28 23:18:46,88,-23.86,35.38,69.8,6.11
410,Moose Factory,90,CA,2020-01-28 23:18:46,84,51.26,-80.61,5.0,4.7
411,Sligo,97,IE,2020-01-28 23:18:47,93,54.27,-8.47,37.0,3.0
412,Ulladulla,20,AU,2020-01-28 23:18:47,45,-35.35,150.47,82.4,11.41
413,Tateyama,20,JP,2020-01-28 23:18:47,63,34.98,139.87,64.4,13.87
414,Tilichiki,100,RU,2020-01-28 23:18:47,95,60.47,166.1,17.89,4.07
415,Geraldton,0,AU,2020-01-28 23:18:47,57,-28.77,114.6,78.8,13.87
416,Esperance,75,AU,2020-01-28 23:18:47,69,-33.87,121.9,75.2,8.05
417,Newtonmore,75,GB,2020-01-28 23:18:47,93,57.07,-4.12,37.99,14.99
418,Calbuco,20,CL,2020-01-28 23:18:47,93,-41.77,-73.13,50.0,2.24
419,Prince Rupert,90,CA,2020-01-28 23:16:12,81,54.32,-130.32,44.6,21.92
420,Paranapanema,4,BR,2020-01-28 23:18:48,97,-23.39,-48.72,66.61,4.68
421,College,1,US,2020-01-28 23:18:48,73,64.86,-147.8,-18.99,4.54
422,Dakar,13,SN,2020-01-28 23:14:31,77,14.69,-17.44,69.8,12.75
423,Ivybridge,48,GB,2020-01-28 23:18:48,88,50.39,-3.92,42.01,12.46
424,Eyl,29,SO,2020-01-28 23:18:48,74,7.98,49.82,74.03,24.27
425,Nelson Bay,75,AU,2020-01-28 23:18:48,74,-32.72,152.15,81.0,16.11
426,Matamoros,5,MX,2020-01-28 23:18:48,21,25.53,-103.25,60.8,3.74
427,Strezhevoy,100,RU,2020-01-28 23:18:48,75,60.73,77.59,-18.4,8.95
428,Narsaq,38,GL,2020-01-28 23:18:48,72,60.92,-46.05,12.2,4.94
429,Berlevag,65,NO,2020-01-28 23:18:48,78,70.86,29.09,10.4,14.99
430,Hutchinson,90,US,2020-01-28 23:18:49,92,38.06,-97.93,32.0,6.93
431,Villeta,20,CO,2020-01-28 23:18:49,93,5.01,-74.47,51.8,3.36
432,Ongandjera,0,NA,2020-01-28 23:18:49,43,-17.88,15.07,76.15,10.36
433,Padang,100,ID,2020-01-28 23:18:49,91,-0.95,100.35,68.32,0.4
434,Sobolevo,100,RU,2020-01-28 23:18:49,95,54.43,31.9,29.57,11.61
435,Kiryat Gat,75,IL,2020-01-28 23:18:49,93,31.61,34.76,53.6,9.17
436,Norman Wells,20,CA,2020-01-28 23:18:49,67,65.28,-126.83,-22.0,5.82
437,Virginia Beach,1,US,2020-01-28 23:06:39,92,36.85,-75.98,39.99,15.19
438,Peniche,75,PT,2020-01-28 23:18:49,93,39.36,-9.38,57.99,4.7
439,Ilave,100,PE,2020-01-28 23:18:50,78,-16.08,-69.67,47.88,10.98
440,Cooma,29,AU,2020-01-28 23:18:50,24,-36.23,149.13,82.4,8.05
441,Talnakh,100,RU,2020-01-28 23:18:50,78,69.49,88.4,8.6,6.71
442,Klaksvik,0,FO,2020-01-28 23:18:50,65,62.23,-6.59,32.0,2.24
443,Tinqueux,75,FR,2020-01-28 23:18:50,80,49.25,3.98,41.0,9.17
444,Linxia,0,CN,2020-01-28 23:18:50,32,35.6,103.21,27.0,2.28
445,Doctor Arroyo,0,MX,2020-01-28 23:18:50,37,23.67,-100.18,54.32,8.12
446,Carballo,75,ES,2020-01-28 23:18:50,93,43.21,-8.69,57.99,2.24
447,Uacon,83,PH,2020-01-28 23:18:50,53,15.68,119.94,79.86,7.7
448,Vila Velha,75,BR,2020-01-28 23:18:51,94,-20.33,-40.29,79.0,8.05
449,Jiuquan,9,CN,2020-01-28 23:18:51,32,39.74,98.52,23.07,6.02
450,Burnie,18,AU,2020-01-28 23:18:51,50,-41.07,145.92,77.0,7.0
451,Riyadh,35,SA,2020-01-28 23:18:33,60,24.69,46.72,41.0,4.34
452,Poronaysk,64,RU,2020-01-28 23:18:51,87,49.22,143.12,11.34,3.8
453,Bedford,28,GB,2020-01-28 23:18:17,84,52.13,-0.47,37.99,14.99
454,Laguna,1,US,2020-01-28 23:16:12,81,38.42,-121.42,54.0,6.08
455,Xai-Xai,0,MZ,2020-01-28 23:18:51,81,-25.05,33.64,66.58,2.62
456,Upata,7,VE,2020-01-28 23:18:51,89,8.01,-62.4,71.62,4.18
457,Ostrovnoy,18,RU,2020-01-28 23:04:46,93,68.05,39.51,3.87,4.25
458,Noyabrsk,95,RU,2020-01-28 23:18:51,98,63.2,75.45,-18.78,12.06
459,Taoudenni,0,ML,2020-01-28 23:09:03,29,22.68,-3.98,63.16,10.87
460,Suntar,100,RU,2020-01-28 23:18:52,91,62.14,117.63,3.07,4.18
461,Prescott,1,US,2020-01-28 23:18:52,39,34.54,-112.47,48.0,3.36
462,Stolin,100,BY,2020-01-28 23:18:52,93,51.89,26.85,35.29,7.2
463,Balkhash,0,KZ,2020-01-28 23:18:52,84,46.84,74.98,1.4,8.95
464,Bugene,100,TZ,2020-01-28 23:18:52,97,-1.59,31.14,61.56,1.12
465,Dawei,43,MM,2020-01-28 23:18:52,71,14.08,98.2,71.58,4.29
466,Vanimo,0,PG,2020-01-28 23:18:53,77,-2.67,141.3,83.05,13.56
467,Antofagasta,20,CL,2020-01-28 23:18:13,83,-23.65,-70.4,72.0,4.7
468,Balikpapan,50,ID,2020-01-28 23:18:53,77,-1.27,116.83,83.28,11.68
469,Wyszkow,75,PL,2020-01-28 23:18:53,80,52.59,21.46,39.99,11.41
470,Lagoa,12,PT,2020-01-28 23:18:54,91,39.05,-27.98,62.64,22.48
471,Manjacaze,0,MZ,2020-01-28 23:18:54,82,-24.71,33.88,65.59,2.24
472,Yangi Marg`ilon,0,UZ,2020-01-28 23:18:54,74,40.43,71.72,33.8,4.7
473,Coahuayana Viejo,5,MX,2020-01-28 23:18:54,88,18.73,-103.68,64.4,3.65
474,Pierre,90,US,2020-01-28 23:18:31,100,44.37,-100.35,28.99,5.82
475,Lastoursville,15,GA,2020-01-28 23:18:55,87,-0.81,12.73,72.99,1.21
476,Makakilo City,20,US,2020-01-28 23:18:51,61,21.35,-158.09,80.6,9.17
477,Saint-Francois,100,FR,2020-01-28 23:18:55,75,46.42,3.91,45.0,9.17
478,Sao Domingos do Maranhao,54,BR,2020-01-28 23:18:55,95,-5.58,-44.39,72.41,1.68
479,Honningsvag,0,NO,2020-01-28 23:18:56,78,70.98,25.97,10.4,14.99
480,Bilma,100,NE,2020-01-28 23:18:56,8,18.69,12.92,64.15,7.85
481,La Rioja,90,ES,2020-01-28 23:18:56,87,42.25,-2.5,46.99,1.12
482,Belfast,27,GB,2020-01-28 23:14:01,93,54.58,-5.93,36.0,13.87
483,Eureka,90,US,2020-01-28 23:15:00,87,40.8,-124.16,50.0,1.97
484,Khuzdar,0,PK,2020-01-28 23:18:57,63,27.74,66.64,36.09,5.23
485,Nome,1,US,2020-01-28 23:16:22,62,64.5,-165.41,-16.6,5.28
486,Atchison,90,US,2020-01-28 23:15:24,86,39.56,-95.12,30.99,5.82
487,Uryupinsk,100,RU,2020-01-28 23:18:57,97,50.8,42.01,34.0,7.11
488,Thoen,0,TH,2020-01-28 23:18:57,25,17.61,99.22,79.99,1.77
489,Santa Rosa,40,PH,2020-01-28 23:18:57,69,14.31,121.11,84.99,9.17
490,Bairiki Village,75,KI,2020-01-28 23:18:57,74,1.33,172.98,86.0,2.24
491,Zyryanka,0,RU,2020-01-28 23:18:57,94,65.75,150.85,-25.24,7.07
492,Lompoc,1,US,2020-01-28 23:18:57,71,34.64,-120.46,59.0,9.17
493,Baoshan,19,CN,2020-01-28 23:18:57,85,46.56,131.42,7.25,6.82
494,Ust-Nera,81,RU,2020-01-28 23:18:58,99,64.57,143.2,-40.23,3.27
495,Indian Head,90,US,2020-01-28 23:15:20,60,38.6,-77.16,43.0,10.29
496,Coyhaique,40,CL,2020-01-28 23:18:58,81,-45.58,-72.07,46.4,7.2
497,Linqiong,40,CN,2020-01-28 23:18:58,100,30.42,103.46,41.0,2.15
498,Cockburn Town,0,TC,2020-01-28 23:08:59,70,21.46,-71.14,77.67,8.41
499,Ampanihy,92,MG,2020-01-28 23:18:58,89,-24.7,44.75,71.91,7.76
500,Arauco,0,CL,2020-01-28 23:18:58,62,-37.25,-73.32,59.0,14.99
501,San Sebastian,100,ES,2020-01-28 23:18:58,87,43.31,-1.98,46.99,3.36
502,Flinders,20,AU,2020-01-28 23:18:58,45,-34.58,150.86,82.99,11.41
503,Pakse,40,LA,2020-01-28 23:18:59,69,15.12,105.78,78.8,6.93
504,Sheffield,75,GB,2020-01-28 23:18:59,80,53.38,-1.47,39.99,9.17
505,Beziers,92,FR,2020-01-28 23:18:59,81,43.35,3.22,52.0,6.93
506,Siderno,75,IT,2020-01-28 23:18:59,77,38.28,16.3,60.01,4.7
507,Lac du Bonnet,100,CA,2020-01-28 23:18:59,94,50.25,-96.06,14.0,4.88
508,Lewistown,90,US,2020-01-28 23:18:59,59,40.6,-77.57,39.0,6.93
509,Teguldet,100,RU,2020-01-28 23:18:59,95,57.31,88.17,19.36,5.68
510,Octeville,94,FR,2020-01-28 23:18:59,81,49.63,-1.64,46.99,12.75
511,Mandera,53,KE,2020-01-28 23:18:59,54,3.94,41.87,78.37,12.03
512,Tommot,0,RU,2020-01-28 23:18:59,86,58.96,126.29,1.8,3.06
513,Khategaon,56,IN,2020-01-28 23:19:00,59,22.6,76.92,64.02,3.06
514,Tromso,75,NO,2020-01-28 23:14:05,62,69.65,18.96,23.0,31.09
515,Kabompo,100,ZM,2020-01-28 23:19:00,96,-13.59,24.2,64.49,2.75
516,Chervishevo,0,RU,2020-01-28 23:19:00,75,56.95,65.43,-16.6,6.71
517,Semey,40,KZ,2020-01-28 23:19:00,84,50.41,80.23,5.0,8.95
518,Tuatapere,100,NZ,2020-01-28 23:19:00,89,-46.13,167.68,55.0,11.99
519,Praia da Vitoria,40,PT,2020-01-28 23:19:00,93,38.73,-27.07,62.6,26.87
520,Senneterre,90,CA,2020-01-28 23:19:00,84,48.38,-77.23,8.6,6.93
521,Meadville,90,US,2020-01-28 23:19:00,86,41.64,-80.15,33.8,4.7
522,Myitkyina,0,MM,2020-01-28 23:19:01,44,25.38,97.4,62.69,2.95
523,Salmas,75,IR,2020-01-28 23:19:01,85,38.2,44.77,21.2,4.7
524,Raja,0,SS,2020-01-28 23:19:01,22,8.46,25.68,56.82,3.89
525,Murud,42,IN,2020-01-28 23:19:01,74,18.33,72.97,70.09,8.52
526,Idlib,75,SY,2020-01-28 23:19:01,100,35.93,36.63,48.2,3.87
527,Diffa,0,NE,2020-01-28 23:19:01,16,13.32,12.61,60.91,10.09
528,Guayanilla,98,PR,2020-01-28 23:19:01,84,18.02,-66.79,75.99,2.21
529,Kirakira,100,SB,2020-01-28 23:19:01,78,-10.45,161.92,83.01,2.19
530,Lac-Megantic,40,CA,2020-01-28 23:19:01,92,45.58,-70.88,21.0,5.82
531,Koster,34,ZA,2020-01-28 23:19:01,66,-25.86,26.9,58.44,5.75
532,Dudinka,100,RU,2020-01-28 23:19:02,78,69.41,86.18,8.6,6.71
533,Habiganj,75,BD,2020-01-28 23:19:02,87,24.38,91.42,60.8,2.53
534,Dunmore Town,0,BS,2020-01-28 23:19:02,75,25.5,-76.65,73.06,11.14
535,Qui Nhon,71,VN,2020-01-28 23:14:57,79,13.77,109.23,75.22,6.49
536,Bani,63,DO,2020-01-28 23:19:02,87,18.28,-70.33,75.99,1.01
537,Mega,100,ET,2020-01-28 23:19:02,74,4.05,38.3,67.3,8.52
538,Hirado,75,JP,2020-01-28 23:19:02,81,33.36,129.55,51.8,4.7
539,Mangrol,0,IN,2020-01-28 23:16:50,66,21.12,70.12,65.43,9.57
540,Fort-Shevchenko,0,KZ,2020-01-28 23:19:02,76,44.51,50.26,35.85,15.61
541,Ballina,50,AU,2020-01-28 23:19:02,62,-28.87,153.57,95.0,9.17
542,Ararat,28,AM,2020-01-28 23:19:03,79,39.83,44.7,21.2,0.81
543,Bemidji,1,US,2020-01-28 23:16:27,85,47.47,-94.88,12.0,3.36
544,Ushtobe,62,KZ,2020-01-28 23:19:03,74,45.25,77.98,18.84,3.6
545,Cabo San Lucas,5,MX,2020-01-28 23:19:03,67,22.89,-109.91,64.99,9.17
546,Srandakan,100,ID,2020-01-28 23:19:03,65,-7.94,110.25,87.37,1.03
547,Rio Blanco,27,MX,2020-01-28 23:19:03,86,18.83,-97.15,58.62,2.59
548,Obo,26,CF,2020-01-28 23:19:03,21,5.4,26.49,62.65,4.59
549,Sao Filipe,11,CV,2020-01-28 23:19:03,67,14.9,-24.5,71.13,18.39
550,Ashtian,90,IR,2020-01-28 23:19:03,49,34.52,50.0,29.39,1.83
551,Panacan,20,PH,2020-01-28 23:19:03,52,9.25,118.41,89.6,16.11
552,Labuhan,92,ID,2020-01-28 23:19:04,66,-6.88,112.21,87.22,2.73
553,Labuan,75,MY,2020-01-28 23:19:04,74,5.28,115.24,86.0,11.41
554,Lamak,88,PH,2020-01-28 23:19:04,75,10.4,124.74,81.36,4.88
555,Jumla,100,NP,2020-01-28 23:19:04,93,29.27,82.18,27.7,2.44
556,Dire Dawa,21,ET,2020-01-28 23:19:04,90,9.59,41.87,56.12,2.37
557,Esna,2,EG,2020-01-28 23:19:04,56,25.29,32.55,47.62,7.58
558,Morant Bay,40,JM,2020-01-28 23:19:04,73,17.88,-76.41,77.0,5.82
559,Mariinsk,100,RU,2020-01-28 23:19:04,89,56.21,87.75,21.27,10.29
560,Moche,75,PE,2020-01-28 23:19:04,78,-8.17,-79.01,73.4,9.17
561,Thinadhoo,28,MV,2020-01-28 23:19:05,76,0.53,72.93,80.71,15.5
562,Emporia,90,US,2020-01-28 23:19:05,92,38.4,-96.18,30.99,9.17
563,Yantal,54,RU,2020-01-28 23:19:05,86,56.85,105.25,11.41,3.11
564,Bani Walid,0,LY,2020-01-28 23:19:05,58,31.76,13.99,52.12,6.49
565,Blackwater,100,AU,2020-01-28 23:19:05,55,-23.58,148.88,87.75,12.26
566,Chenove,100,FR,2020-01-28 23:19:05,86,47.29,5.0,41.0,8.05
567,Rodolfo Sanchez Taboada,6,MX,2020-01-28 23:19:05,93,31.72,-116.57,57.99,3.0
568,Magdalena,40,PH,2020-01-28 23:19:05,69,14.2,121.43,84.99,9.17
569,Worland,90,US,2020-01-28 23:19:05,74,44.02,-107.96,32.0,2.57
